{
  "images": [
    {
      "idiom": "universal",
      "appearances": [
        {
          "appearance": "luminosity",
          "value": "light"
        }
      ],
      "filename": "image.png",
      "scale": "1x"
    },
    {
      "idiom": "universal",
      "appearances": [
        {
          "appearance": "luminosity",
          "value": "light"
        }
      ],
      "filename": "image@2x.png",
      "scale": "2x"
    },
    {
      "idiom": "universal",
      "appearances": [
        {
          "appearance": "luminosity",
          "value": "light"
        }
      ],
      "filename": "image@3x.png",
      "scale": "3x"
    }
  ],
  "info": {
    "version": 1,
    "author": "expo"
  }
}